Drug A,Drug B,Cell Line Name,Score
paclitaxel,geldanamycin,OV90,4.219145585451182
Vorinostat,Erlotinib,RKO,-2.588665914009158
Sunitinib,Sorafenib,LOVO,-3.0703466753296
paclitaxel,Dasatinib,RPMI7951,2.1112971208509976
paclitaxel,Lapatinib,VCAP,-19.1693792779686
Sunitinib,Sorafenib,A2058,-0.9096556467231308
vinblastine,Dasatinib,RKO,-5.316952415477393
Dasatinib,geldanamycin,CAOV3,-5.39913759737588
Erlotinib,Sorafenib,CAOV3,6.1026124307435
vinblastine,Sorafenib,LOVO,-1.6005087696864486
metformin,Vorinostat,OVCAR3,-51.6773231694491
vinblastine,geldanamycin,MDAMB436,0.51700222845629
paclitaxel,Lapatinib,MDAMB436,-1.6521884315998507
paclitaxel,Sunitinib,LOVO,2.11024229353816
Sunitinib,Lapatinib,NCIH2122,17.2594267615487
paclitaxel,Sunitinib,SW837,-1.73607437190069
paclitaxel,Sunitinib,OV90,-5.77436797253085
Vorinostat,Dasatinib,UACC62,-0.568998602339841
vinblastine,Vorinostat,OVCAR3,-1.289264920121349
metformin,Erlotinib,NCIH23,-14.1813773041305
Lapatinib,Erlotinib,SKMEL30,-3.31847606547329
Vorinostat,Dasatinib,A2058,11.710679650337616
paclitaxel,Vorinostat,A2780,2.046344769010002
Vorinostat,Erlotinib,NCIH23,-2.77042962989298
Vorinostat,Lapatinib,CAOV3,9.014890317831036
Erlotinib,Dasatinib,T-47D,2.726862934921635
vinblastine,geldanamycin,OV90,-3.4922781726655696
Lapatinib,Dasatinib,OVCAR3,1.292753014965791
Erlotinib,Dasatinib,SK-OV-3,8.16191414696451
Vorinostat,Sorafenib,NCIH2122,-8.251107402184557
Vorinostat,geldanamycin,VCAP,7.262818938793504
Vorinostat,Erlotinib,NCIH1650,4.14054171285972
vinblastine,Sorafenib,NCIH1650,-13.546032832554804
Erlotinib,Dasatinib,HT144,-16.8307740899425
paclitaxel,Sunitinib,SKMEL30,-0.2642143205483515
Lapatinib,geldanamycin,A375,-6.135426654744688
Vorinostat,Dasatinib,A375,-7.187555808667961
paclitaxel,Sunitinib,A375,8.149714042401495
Vorinostat,Sorafenib,MDAMB436,-6.426376983867103
Lapatinib,Sorafenib,SK-OV-3,13.9953943577381
Vorinostat,Dasatinib,A2780,-6.31868596379813
Vorinostat,Dasatinib,T-47D,5.321680837772678
vinblastine,Erlotinib,SW837,11.9978624338519
vinblastine,Erlotinib,A375,7.909526276907584
Erlotinib,geldanamycin,NCIH1650,7.206977941743588
Sunitinib,Sorafenib,RKO,-7.378812419643663
Sunitinib,Erlotinib,RKO,0.2475632146873464
Sunitinib,Erlotinib,NCIH1650,12.7359625054994
Vorinostat,Dasatinib,NCIH1650,5.220668557811489
geldanamycin,Sorafenib,CAOV3,1.3318185914773402
vinblastine,Vorinostat,A2780,2.776867734737273
metformin,geldanamycin,SKMEL30,-27.8178569354009
paclitaxel,Lapatinib,NCIH23,-4.20883890972707
Sunitinib,geldanamycin,SK-OV-3,2.78743688363977
metformin,Lapatinib,VCAP,-9.657849716236
paclitaxel,Vorinostat,SW837,4.071661498679735
Lapatinib,Erlotinib,SW-620,-10.586292641023492
Lapatinib,geldanamycin,OV90,2.578081311550471
metformin,Erlotinib,MDAMB436,-42.2483635713802
vinblastine,Erlotinib,CAOV3,8.204494762209066
Sunitinib,Lapatinib,A2058,18.5317724911246
vinblastine,Vorinostat,T-47D,6.097122298913325
vinblastine,Lapatinib,A2780,-11.299328727708405
Vorinostat,Sorafenib,T-47D,-6.22433036882608
paclitaxel,Lapatinib,NCIH1650,3.12612254618191
Sunitinib,Dasatinib,CAOV3,8.756217929094177
metformin,Sunitinib,RPMI7951,-1.757118944268968
metformin,Sunitinib,NCIH1650,-51.402683514636095
Sunitinib,Sorafenib,UACC62,-2.13735826282737
Lapatinib,Sorafenib,UACC62,8.88265541550952
Vorinostat,Dasatinib,CAOV3,5.58846482112586
Vorinostat,Dasatinib,SW837,7.383552345763623
Vorinostat,Erlotinib,SW837,10.229168329440906
vinblastine,Lapatinib,SKMEL30,-17.4030551064212
Vorinostat,Erlotinib,SK-OV-3,2.204062447972561
Sunitinib,Lapatinib,HCT116,-3.195242757261453
metformin,Lapatinib,HT144,-36.8822022827233
Lapatinib,geldanamycin,SK-OV-3,3.812227003524945
Vorinostat,Sunitinib,NCIH2122,-6.89310310865277
vinblastine,Lapatinib,SKMES1,-2.85382252753121
vinblastine,Vorinostat,NCI-H460,-7.42349600405968
paclitaxel,Erlotinib,SK-OV-3,4.398848813602776
metformin,Vorinostat,SW-620,-68.1959205924323
vinblastine,Vorinostat,SKMES1,-3.773219093074008
Sunitinib,Lapatinib,A2780,8.453421074249384
metformin,Vorinostat,VCAP,-62.9612541332419
vinblastine,Dasatinib,RPMI7951,2.97844031586002
paclitaxel,Sorafenib,SW837,-5.800670766453999
paclitaxel,Sorafenib,A2780,2.409764321136161
paclitaxel,Sorafenib,VCAP,-1.6610011043127195
paclitaxel,Lapatinib,A2780,1.39259946716825
metformin,Lapatinib,HCT116,-5.785469568057495
Lapatinib,Dasatinib,CAOV3,10.468583156479704
vinblastine,Lapatinib,OV90,0.8267526169764301
Lapatinib,Erlotinib,RPMI7951,-0.4271227388875901
Vorinostat,Sunitinib,SKMES1,-5.85807143580148
Sunitinib,Sorafenib,SW-620,-2.67676896274171
Vorinostat,Lapatinib,HCT116,-3.11888044241469
Sunitinib,Erlotinib,CAOV3,6.71098989067457
Sunitinib,Lapatinib,SKMEL30,6.429854346358795
paclitaxel,geldanamycin,VCAP,-6.897600670415837
metformin,geldanamycin,LOVO,-16.4910721624856
Sunitinib,Lapatinib,A375,-3.057699221935841
metformin,Sunitinib,VCAP,-17.6906096863185
vinblastine,Vorinostat,MDAMB436,0.1461877509898399
Erlotinib,Sorafenib,SW837,-3.01321716593974
Dasatinib,geldanamycin,NCI-H460,-15.0412339008878
Sunitinib,Sorafenib,CAOV3,-3.60075442831331
vinblastine,Sorafenib,SK-OV-3,12.5056328567953
Sunitinib,Sorafenib,MDAMB436,-13.8996269060666
vinblastine,Sorafenib,UACC62,5.265272900492549
Erlotinib,Dasatinib,SW837,12.283123760680592
Erlotinib,geldanamycin,RPMI7951,-2.54688332955635
Erlotinib,Dasatinib,SW-620,11.579228393987275
Vorinostat,Lapatinib,LOVO,-0.3284521577656807
paclitaxel,geldanamycin,HCT116,-2.33292598982445
paclitaxel,Vorinostat,SKMEL30,-0.1058882282985149
metformin,geldanamycin,NCI-H460,-2.4461467814868523
metformin,Lapatinib,NCIH2122,-41.8026500314277
vinblastine,Sorafenib,SKMES1,4.417989059347175
paclitaxel,Dasatinib,HT144,-40.2101205720394
vinblastine,Sunitinib,RPMI7951,-14.277645616907492
vinblastine,Dasatinib,SK-OV-3,3.29681579894721
Vorinostat,Sorafenib,RKO,-0.7012610501602399
Lapatinib,geldanamycin,SW837,8.463248256721428
vinblastine,Lapatinib,NCI-H460,-2.491707941339629
Lapatinib,Erlotinib,UACC62,4.867927463076468
vinblastine,Dasatinib,A375,-1.876637029070265
metformin,Lapatinib,SK-OV-3,-12.955988512618
geldanamycin,Sorafenib,NCIH1650,-7.75971004909346
Sunitinib,geldanamycin,A2780,4.67424026120176
Vorinostat,Sunitinib,SKMEL30,-7.08434802004719
Sunitinib,Sorafenib,NCIH23,-6.19730890695259
paclitaxel,Erlotinib,SKMEL30,-0.1240821746904601
vinblastine,Sorafenib,NCI-H460,4.069163600073605
paclitaxel,geldanamycin,LOVO,-1.77750068778882
vinblastine,Erlotinib,SKMES1,1.8601156760560384
metformin,Vorinostat,NCI-H460,-10.8237586662752
metformin,Erlotinib,OVCAR3,-50.1674018945849
Vorinostat,Sunitinib,HT144,-5.8677981963370005
metformin,Sorafenib,CAOV3,-24.4869919201538
Erlotinib,Dasatinib,SKMEL30,-12.281506448986304
Vorinostat,geldanamycin,RPMI7951,-5.8772631055401
paclitaxel,Sorafenib,SKMES1,-0.1639564470097907
paclitaxel,Erlotinib,NCIH1650,4.17561229224804
Erlotinib,geldanamycin,SK-OV-3,2.77922195660905
Vorinostat,Dasatinib,SKMES1,-3.454798154796729
paclitaxel,Vorinostat,T-47D,7.692941411907634
paclitaxel,geldanamycin,SKMEL30,-2.390619984667185
metformin,Erlotinib,HT144,-33.1832620874725
metformin,Sorafenib,NCIH2122,-18.23432595343749
vinblastine,Dasatinib,SW837,5.29419053806362
metformin,Vorinostat,A375,-77.3623903172369
Sunitinib,Dasatinib,A375,15.4985727759109
vinblastine,Erlotinib,SKMEL30,7.73570234615748
metformin,Dasatinib,LOVO,-9.325981865786185
vinblastine,Lapatinib,NCIH1650,-9.72499716390718
Sunitinib,Lapatinib,VCAP,13.309934514349203
vinblastine,Erlotinib,T-47D,2.264898495983479
metformin,geldanamycin,NCIH2122,-12.0320822507053
Lapatinib,Erlotinib,NCIH23,-2.56542276271332
vinblastine,Erlotinib,RPMI7951,7.196532980977684
Lapatinib,geldanamycin,LOVO,-1.857666460494741
paclitaxel,Sorafenib,HCT116,-1.4872271509121793
Lapatinib,Sorafenib,OVCAR3,-3.12013961477547
paclitaxel,geldanamycin,SW-620,2.6303171850506604
metformin,Erlotinib,SK-OV-3,-60.49569009623433
metformin,Dasatinib,RKO,-30.3377383335249
Vorinostat,Dasatinib,OV90,1.0590749185315824
vinblastine,Dasatinib,T-47D,-6.929951553081727
paclitaxel,Sunitinib,VCAP,-8.46093254820262
Lapatinib,Dasatinib,RKO,2.461922216333884
Erlotinib,geldanamycin,UACC62,4.5031585012656095
Sunitinib,Lapatinib,OV90,4.435147085081137
Erlotinib,geldanamycin,VCAP,-2.88087637063392
Erlotinib,geldanamycin,NCIH23,-1.5082203021212124
Vorinostat,geldanamycin,T-47D,-0.6579761516790089
Lapatinib,Dasatinib,OV90,3.719171936095444
Lapatinib,Dasatinib,NCI-H460,-2.6053130644292946
paclitaxel,Dasatinib,LOVO,7.276768036701751
paclitaxel,Erlotinib,LOVO,5.29091659278858
paclitaxel,Vorinostat,SW-620,-1.0659561461183158
Sunitinib,geldanamycin,T-47D,15.4186986077963
Sunitinib,Dasatinib,SK-OV-3,7.543407488617369
paclitaxel,Sunitinib,NCI-H460,9.58062385928767
Vorinostat,geldanamycin,A2780,0.2570808252882703
Lapatinib,Sorafenib,CAOV3,8.13893448615947
vinblastine,Vorinostat,A375,-5.14141487663266
vinblastine,Sorafenib,MDAMB436,-16.517773128145326
Erlotinib,Sorafenib,SKMEL30,0.7364260970712593
Vorinostat,Erlotinib,MDAMB436,4.25311060075082
Dasatinib,geldanamycin,NCIH2122,-25.4508968849616
Vorinostat,Dasatinib,MDAMB436,-1.9051378030600723
paclitaxel,Erlotinib,CAOV3,5.506094216928792
Sunitinib,Sorafenib,NCI-H460,-0.1777753404752198
Sunitinib,Dasatinib,NCI-H460,16.9349100756105
vinblastine,Lapatinib,OVCAR3,-11.607028837624
metformin,Lapatinib,NCI-H460,-1.2671721747064446
metformin,Dasatinib,SK-OV-3,-16.1535771788668
Vorinostat,Erlotinib,UACC62,8.143116180793372
paclitaxel,Dasatinib,T-47D,7.078924552126015
Vorinostat,Dasatinib,SW-620,-5.73967918172164
vinblastine,Lapatinib,A375,-23.3725501337939
metformin,Dasatinib,SW-620,9.04709717330502
Lapatinib,Dasatinib,RPMI7951,-3.724573545179619
paclitaxel,Sorafenib,HT144,4.4516036428765
paclitaxel,Erlotinib,SW837,-1.657597602265355
Sunitinib,Erlotinib,OV90,5.586124430090477
paclitaxel,Dasatinib,SKMEL30,-26.6651088566214
Lapatinib,Erlotinib,SKMES1,3.028467183462371
vinblastine,Dasatinib,SW-620,-40.7258600860177
metformin,Sorafenib,OVCAR3,-26.912205886836706
paclitaxel,Erlotinib,A2058,-3.9965921287470247
Lapatinib,geldanamycin,HCT116,-4.739766082030863
Sunitinib,Dasatinib,HCT116,4.2006804390709
metformin,Lapatinib,A2780,-22.3071231538392
metformin,Erlotinib,SKMES1,-18.5891767455387
Lapatinib,geldanamycin,RPMI7951,-5.960419628776203
Sunitinib,Sorafenib,SW837,-18.9061714872788
metformin,Vorinostat,T-47D,-21.4141717786538
metformin,Erlotinib,VCAP,-12.208208404490907
Erlotinib,geldanamycin,LOVO,-3.72583443525641
Vorinostat,Sorafenib,A2780,-2.377061578670744
Erlotinib,Dasatinib,OV90,6.075310726130807
Vorinostat,Sunitinib,HCT116,2.12042655289975
Dasatinib,geldanamycin,SK-OV-3,3.181253849239128
vinblastine,Erlotinib,NCI-H460,10.41580460128629
metformin,geldanamycin,SW837,-23.8934551543691
Dasatinib,geldanamycin,VCAP,-0.8981307679622897
paclitaxel,Lapatinib,UACC62,3.7078671714499096
Sunitinib,geldanamycin,A375,11.644495901203598
metformin,Vorinostat,RPMI7951,-22.42608065327665
Lapatinib,Erlotinib,LOVO,-1.2036514942358316
vinblastine,geldanamycin,SKMEL30,-13.5091075877696
Vorinostat,Lapatinib,SKMEL30,-1.79502295092813
Vorinostat,geldanamycin,SK-OV-3,2.332279780348585
Lapatinib,Dasatinib,MDAMB436,3.11049964318654
Vorinostat,Erlotinib,OVCAR3,3.54836143321337
Vorinostat,Lapatinib,NCIH2122,3.77256113899207
paclitaxel,Sunitinib,RKO,-2.35314836228574
Sunitinib,Erlotinib,NCIH2122,7.837521570550837
Erlotinib,geldanamycin,A375,9.328533024448705
Dasatinib,geldanamycin,HT144,-37.9495035857927
Erlotinib,Sorafenib,MDAMB436,-4.144685584269085
paclitaxel,Dasatinib,NCIH1650,8.91646092056966
Vorinostat,Erlotinib,T-47D,5.635020609606415
Dasatinib,Sorafenib,SKMEL30,-15.1006814359747
Lapatinib,Sorafenib,SKMES1,-2.4599041427842496
paclitaxel,Erlotinib,SKMES1,2.42002639701588
Sunitinib,Sorafenib,VCAP,-3.0331069492891496
Sunitinib,Erlotinib,A2780,10.480393919522983
paclitaxel,Dasatinib,RKO,4.452168509343501
vinblastine,Sunitinib,NCIH2122,-2.552277046947741
Lapatinib,geldanamycin,NCIH23,-5.97419023328963
Vorinostat,Dasatinib,NCIH23,-0.5734820606807138
vinblastine,Erlotinib,NCIH23,3.7606671418030695
metformin,geldanamycin,MDAMB436,-31.4759298257721
Vorinostat,geldanamycin,SW837,0.300408103033295
Lapatinib,Erlotinib,RKO,-6.32558602127377
Lapatinib,Erlotinib,T-47D,0.90894434552881
Vorinostat,Erlotinib,RPMI7951,5.954690473588823
paclitaxel,Sunitinib,UACC62,0.0804428699766095
Lapatinib,geldanamycin,CAOV3,8.45389840526827
geldanamycin,Sorafenib,SKMES1,-2.8859593337581737
paclitaxel,Lapatinib,SKMEL30,-1.122073026503361
metformin,Sunitinib,SKMEL30,-75.56229656723696
Vorinostat,Sunitinib,SW-620,-6.291328737399075
Vorinostat,Sunitinib,SW837,-10.1192188918475
metformin,geldanamycin,HCT116,-56.3663437951974
geldanamycin,Sorafenib,HT144,2.4288820651169605
paclitaxel,Vorinostat,HT144,5.05355462238675
Sunitinib,Sorafenib,NCIH1650,-13.1809903671301
Vorinostat,geldanamycin,SW-620,-6.75960002722117
geldanamycin,Sorafenib,T-47D,9.0758909366509
vinblastine,geldanamycin,HT144,-1.4230966237807086
vinblastine,Sorafenib,HCT116,5.59963570142504
geldanamycin,Sorafenib,SK-OV-3,4.133325903305868
Erlotinib,geldanamycin,SW837,3.00680128293027
metformin,Lapatinib,CAOV3,-27.8195558011628
metformin,Erlotinib,SW-620,-29.9162730471743
Lapatinib,Dasatinib,SW837,20.7191486697607
Vorinostat,Erlotinib,A2058,3.455876052191651
vinblastine,Sunitinib,UACC62,2.595279020812243
Erlotinib,Sorafenib,LOVO,-4.0896099478500325
Sunitinib,geldanamycin,NCIH1650,5.3817717725564
paclitaxel,Vorinostat,A375,-1.9802660997523944
Sunitinib,geldanamycin,LOVO,0.4007388327427847
vinblastine,Sorafenib,RKO,10.11870938841209
paclitaxel,geldanamycin,SW837,-1.7174251595272625
metformin,Dasatinib,NCIH1650,-13.2363849677504
metformin,Sunitinib,HCT116,-58.24412469223692
metformin,Vorinostat,SW837,-47.9875704511971
metformin,Sunitinib,NCI-H460,-3.681083449701528
vinblastine,Sunitinib,HCT116,0.1118559290339978
Vorinostat,geldanamycin,SKMES1,-8.998840630677615
Erlotinib,Sorafenib,OV90,1.1941842843275
Sunitinib,Dasatinib,RKO,19.33685959748449
Dasatinib,geldanamycin,SW-620,-3.09775596823669
paclitaxel,Dasatinib,MDAMB436,1.2555345380058751
metformin,Lapatinib,RKO,-78.7451798053926
Sunitinib,Erlotinib,SK-OV-3,8.35813394800668
metformin,Lapatinib,SKMEL30,-19.6754058911438
paclitaxel,geldanamycin,RKO,4.743603615290096
vinblastine,Lapatinib,HT144,1.3155747227446202
Dasatinib,Sorafenib,A375,11.316750179392892
Vorinostat,Erlotinib,VCAP,11.779516260068313
Sunitinib,Dasatinib,NCIH2122,-3.802611775309477
Vorinostat,Sorafenib,RPMI7951,-10.539071528779305
Vorinostat,geldanamycin,MDAMB436,4.49646859469848
Lapatinib,geldanamycin,UACC62,3.59102041590596
paclitaxel,Vorinostat,LOVO,2.1560784090827942
paclitaxel,Dasatinib,VCAP,-17.309192174305
vinblastine,Lapatinib,LOVO,-1.768261666543676
Vorinostat,geldanamycin,CAOV3,-3.34531377329845
vinblastine,Lapatinib,NCIH23,-9.09730633851708
Sunitinib,Dasatinib,SKMEL30,-12.909180343140196
Erlotinib,Dasatinib,VCAP,4.020569536845237
paclitaxel,Vorinostat,MDAMB436,2.28163515100639
paclitaxel,geldanamycin,A2058,-1.6307504375632549
Lapatinib,Erlotinib,A2780,7.809600001042748
metformin,Erlotinib,A2058,-83.9761260280997
Dasatinib,Sorafenib,CAOV3,7.656482330373112
vinblastine,Sunitinib,SW-620,1.675245639565673
Lapatinib,Dasatinib,A375,-15.991582533821994
Dasatinib,geldanamycin,SW837,8.681027307740193
Erlotinib,Dasatinib,SKMES1,11.10272802991041
Lapatinib,Sorafenib,SW837,3.42951329804928
paclitaxel,Vorinostat,NCI-H460,-1.4295761119406232
Sunitinib,Sorafenib,SKMES1,-11.9299972333177
Dasatinib,Sorafenib,SW-620,11.923948375295712
paclitaxel,Sunitinib,HCT116,5.960801203295765
vinblastine,Lapatinib,UACC62,-0.4381862293696001
vinblastine,Vorinostat,LOVO,-2.43808381047612
Lapatinib,geldanamycin,NCIH1650,5.72263802046558
Vorinostat,Erlotinib,NCI-H460,1.1496085756031087
paclitaxel,Sorafenib,A2058,-6.72144892291601
Sunitinib,Dasatinib,A2058,18.1939100849816
Vorinostat,Lapatinib,SKMES1,3.61441892535489
metformin,Sorafenib,OV90,-0.8028238008287005
Vorinostat,Lapatinib,MDAMB436,0.7001962140772594
paclitaxel,Lapatinib,SK-OV-3,2.125547882163602
metformin,Lapatinib,NCIH23,-2.8472026300298463
metformin,Dasatinib,T-47D,-4.534682244798708
Erlotinib,geldanamycin,NCI-H460,4.49418879319923
vinblastine,Lapatinib,A2058,-10.901275449743116
Sunitinib,Dasatinib,RPMI7951,-4.736229867816737
Vorinostat,geldanamycin,A2058,-0.0053525606393112
Erlotinib,geldanamycin,HCT116,7.06923762363823
Vorinostat,Sorafenib,NCI-H460,-0.0084306638066775
Lapatinib,Sorafenib,A2780,2.11900133622217
Sunitinib,Dasatinib,NCIH1650,8.106852576346123
Vorinostat,Sorafenib,SKMES1,-0.1428452494230792
Vorinostat,geldanamycin,NCIH2122,-1.0683487237199796
vinblastine,geldanamycin,CAOV3,0.0285872237409883
Vorinostat,Lapatinib,OVCAR3,2.75380173901167
paclitaxel,Dasatinib,UACC62,-7.69948364751984
Vorinostat,Lapatinib,HT144,-0.0556983764780604
paclitaxel,geldanamycin,A375,-1.32131943338233
paclitaxel,Vorinostat,NCIH23,-3.0345245902191325
vinblastine,Lapatinib,RPMI7951,-2.93911844531118
Sunitinib,Dasatinib,MDAMB436,9.94612085382829
metformin,Erlotinib,OV90,-3.5546157663424616
Vorinostat,Dasatinib,HT144,-11.221818720505304
Lapatinib,Sorafenib,SKMEL30,3.9797293996962297
Lapatinib,Erlotinib,CAOV3,4.54734483862441
metformin,Sunitinib,CAOV3,-45.634880019414
metformin,Sunitinib,OVCAR3,-1.6020246929696491
Vorinostat,Sunitinib,NCIH23,-4.12581810820042
Vorinostat,geldanamycin,NCIH1650,-3.019531285218114
Vorinostat,Lapatinib,SW837,5.42509465390903
Erlotinib,Dasatinib,NCIH2122,-21.5871320482388
vinblastine,Lapatinib,T-47D,-1.2497809936708242
metformin,Vorinostat,LOVO,-35.0272315856836
vinblastine,Lapatinib,SK-OV-3,3.37898618824583
metformin,Dasatinib,UACC62,-13.4460672849668
Lapatinib,Sorafenib,T-47D,10.982614675109394
Dasatinib,geldanamycin,LOVO,2.35164464781062
Dasatinib,geldanamycin,HCT116,-20.9676231329802
Lapatinib,Sorafenib,NCIH23,-1.6422791314174887
Vorinostat,Dasatinib,LOVO,-0.3136273830120112
paclitaxel,Sunitinib,OVCAR3,-16.967828162594074
Dasatinib,Sorafenib,HT144,-2.8325461302865187
paclitaxel,Erlotinib,RKO,-2.6871577689602653
vinblastine,Sorafenib,A2058,7.570838092245207
metformin,Sorafenib,SKMES1,-13.547300817594484
paclitaxel,Dasatinib,CAOV3,8.99923705482913
Lapatinib,Dasatinib,SW-620,-0.003939288658445
paclitaxel,Lapatinib,SW837,6.147225205740463
vinblastine,Vorinostat,OV90,-2.149900469098629
metformin,Sorafenib,A2780,-25.2381267145584
Erlotinib,geldanamycin,RKO,-5.36204355968609
Vorinostat,Lapatinib,NCIH1650,4.43276114617859
Vorinostat,Lapatinib,VCAP,3.27144637329635
Vorinostat,Dasatinib,OVCAR3,-1.626797120535592
Sunitinib,geldanamycin,NCIH2122,-9.859535687586003
vinblastine,Sorafenib,NCIH2122,2.0008593011464906
paclitaxel,geldanamycin,RPMI7951,0.369316059642221
Lapatinib,geldanamycin,HT144,5.79128728304933
paclitaxel,Erlotinib,T-47D,0.1235817830644999
geldanamycin,Sorafenib,SW837,-3.36903782007548
Lapatinib,Dasatinib,T-47D,7.06032809637297
Sunitinib,Sorafenib,T-47D,13.71198107208239
Vorinostat,Sunitinib,MDAMB436,0.2886204877907422
Sunitinib,Lapatinib,NCIH1650,16.4171583068458
metformin,Sorafenib,RKO,-44.7886924625105
vinblastine,Vorinostat,A2058,-7.726553411266567
Erlotinib,geldanamycin,T-47D,4.065326821312747
metformin,Lapatinib,RPMI7951,2.12749125232924
Sunitinib,Lapatinib,LOVO,9.06213659212517
metformin,geldanamycin,OV90,-4.51305804704249
Lapatinib,geldanamycin,SKMES1,4.28301459624688
metformin,Dasatinib,SKMEL30,-7.211196994815285
metformin,Sunitinib,MDAMB436,-58.4491138315396
vinblastine,geldanamycin,A2058,-0.5413656534735456
paclitaxel,Sorafenib,SKMEL30,3.24770439300306
Vorinostat,Sorafenib,SKMEL30,-0.6472060937938101
Erlotinib,Sorafenib,NCIH23,-1.93656353174353
paclitaxel,Erlotinib,NCIH2122,-1.94666134980912
metformin,Dasatinib,NCI-H460,-0.670930828719279
Sunitinib,Lapatinib,HT144,17.1612744381531
Vorinostat,Sorafenib,OVCAR3,-8.044482691931467
Sunitinib,Lapatinib,UACC62,16.9968892380515
vinblastine,Sunitinib,SK-OV-3,3.62056380925444
Erlotinib,geldanamycin,SKMEL30,4.07090957771029
paclitaxel,Sorafenib,RKO,-1.0680791130593923
vinblastine,Sunitinib,HT144,4.69437535963172
Lapatinib,Sorafenib,SW-620,0.3837795244341289
geldanamycin,Sorafenib,NCIH23,0.6681105368389735
geldanamycin,Sorafenib,RPMI7951,-8.08045020128908
metformin,Vorinostat,MDAMB436,-42.6579269422049
metformin,Sunitinib,A2058,-30.89708550466269
paclitaxel,Vorinostat,NCIH2122,-1.1617148968623687
paclitaxel,Lapatinib,HT144,6.46185690649625
Erlotinib,Dasatinib,A2058,8.658679095048068
vinblastine,Vorinostat,VCAP,-0.1898191226144924
Lapatinib,Sorafenib,OV90,6.457932781589695
metformin,geldanamycin,SKMES1,-33.7712071062874
Lapatinib,Erlotinib,MDAMB436,-4.786538605318405
metformin,Erlotinib,RPMI7951,-13.5632540546311
vinblastine,Sunitinib,OV90,-82.13826531723697
Vorinostat,geldanamycin,RKO,-3.0453156276270903
vinblastine,Sunitinib,A2780,6.430237727930085
Erlotinib,Sorafenib,A2780,5.31082796058257
metformin,Vorinostat,RKO,-70.65073406723695
vinblastine,Lapatinib,CAOV3,4.71112087372323
Sunitinib,geldanamycin,RPMI7951,-10.78700495517378
Vorinostat,geldanamycin,LOVO,-6.055427015859325
geldanamycin,Sorafenib,OVCAR3,-16.475900892606802
Vorinostat,geldanamycin,OVCAR3,-2.487076105276776
metformin,Erlotinib,A2780,-48.3858044800915
Dasatinib,Sorafenib,T-47D,5.893700156574014
metformin,Erlotinib,T-47D,-47.9957157156951
metformin,Lapatinib,SW-620,-1.511416195100045
paclitaxel,Vorinostat,A2058,-7.071587649042333
Sunitinib,Lapatinib,NCIH23,-0.3550158381598589
metformin,Lapatinib,NCIH1650,-17.0078420331655
Dasatinib,geldanamycin,A375,10.3189652047012
Lapatinib,Sorafenib,NCIH1650,8.829561804598438
Sunitinib,Dasatinib,SW837,10.909208084253878
Erlotinib,Sorafenib,A2058,-2.25262466719878
paclitaxel,Sunitinib,A2058,0.7445982178878973
Sunitinib,Erlotinib,SW-620,-4.813871520282443
Erlotinib,Dasatinib,RPMI7951,2.85060083445348
metformin,Dasatinib,OV90,-2.54595208771381
Dasatinib,geldanamycin,A2058,-8.692928400841772
Sunitinib,Dasatinib,A2780,16.618750626525
paclitaxel,Sorafenib,OV90,7.37064384347005
Vorinostat,Sorafenib,NCIH23,-6.81516141534704
Vorinostat,Sorafenib,LOVO,-10.386374558578522
Sunitinib,Lapatinib,RKO,3.73205068567752
Lapatinib,Dasatinib,SKMEL30,-6.40442742836347
Vorinostat,Lapatinib,SK-OV-3,1.74273211890989
metformin,Dasatinib,NCIH23,-7.920344649869953
Lapatinib,Dasatinib,HT144,-9.28527551691871
Erlotinib,Sorafenib,NCI-H460,1.51502173443586
metformin,Erlotinib,SKMEL30,-90.3299705619704
metformin,Sunitinib,NCIH2122,-6.512385872303066
paclitaxel,Erlotinib,MDAMB436,0.7982616963508231
Sunitinib,Dasatinib,NCIH23,15.8859560938761
metformin,Erlotinib,NCIH1650,-23.227454082363305
Sunitinib,Lapatinib,NCI-H460,5.4465900456679694
paclitaxel,Lapatinib,RPMI7951,-13.2494383747796
Lapatinib,geldanamycin,T-47D,-2.3458288386735573
vinblastine,Sunitinib,MDAMB436,-1.5403494549472296
paclitaxel,Sunitinib,NCIH23,-2.941164138388841
metformin,Lapatinib,MDAMB436,-14.6311710829416
Lapatinib,geldanamycin,A2780,-4.81834176383161
vinblastine,Dasatinib,OVCAR3,-4.03806373695381
vinblastine,geldanamycin,RPMI7951,0.4076170529080399
paclitaxel,Lapatinib,SW-620,-34.8552692363716
Sunitinib,geldanamycin,OV90,-25.0659802428987
Dasatinib,Sorafenib,SKMES1,-5.8684323426223
vinblastine,Dasatinib,CAOV3,0.6771989561182002
metformin,Lapatinib,OVCAR3,-14.6157572128631
vinblastine,Dasatinib,OV90,5.344594984386832
Erlotinib,Sorafenib,SKMES1,-4.75101729862813
metformin,Erlotinib,HCT116,-89.5439156156453
geldanamycin,Sorafenib,SKMEL30,-1.207429910073891
Sunitinib,Dasatinib,UACC62,13.667582002208905
metformin,Erlotinib,A375,-82.4887013651952
Dasatinib,Sorafenib,HCT116,4.40921359309415
paclitaxel,Erlotinib,VCAP,-19.923371510770203
Vorinostat,Sorafenib,HT144,-4.665207913971671
Lapatinib,Erlotinib,NCIH2122,3.42106467876526
paclitaxel,Dasatinib,NCI-H460,-39.0956747424042
geldanamycin,Sorafenib,LOVO,-10.288292260688207
paclitaxel,Vorinostat,OV90,2.3067635611900137
Lapatinib,Sorafenib,LOVO,-4.92782811871599
Sunitinib,Dasatinib,LOVO,10.292368565007404
metformin,Erlotinib,RKO,-8.184373188662292
vinblastine,geldanamycin,NCI-H460,-4.763634360062484
Vorinostat,Sorafenib,SK-OV-3,-2.40000424902785
Vorinostat,Erlotinib,LOVO,5.009535132419683
metformin,Lapatinib,SKMES1,-22.2455703021075
paclitaxel,Vorinostat,RKO,3.987299411465438
metformin,geldanamycin,A2780,-38.4962238749225
paclitaxel,Dasatinib,NCIH2122,-44.9949251983702
vinblastine,Sunitinib,RKO,-1.378759213278819
Sunitinib,Lapatinib,SKMES1,8.07102955700163
Erlotinib,Sorafenib,T-47D,1.055995951979529
Sunitinib,Erlotinib,HT144,2.188685633501576
Sunitinib,Dasatinib,T-47D,1.0880788430276551
Vorinostat,Lapatinib,A2058,-0.2898522089969393
Vorinostat,Erlotinib,SKMEL30,-3.790702882666694
vinblastine,Vorinostat,SW-620,-7.940842049461227
Erlotinib,geldanamycin,A2058,4.398742241377427
Vorinostat,Lapatinib,A2780,2.5565427438131976
geldanamycin,Sorafenib,A375,4.123908949931413
vinblastine,Dasatinib,HCT116,-76.9668504799361
metformin,Erlotinib,NCI-H460,-14.1325019191809
Sunitinib,Erlotinib,VCAP,7.960789166364423
Erlotinib,geldanamycin,OV90,0.4423212163888063
Lapatinib,Erlotinib,NCIH1650,2.63206586722876
paclitaxel,Vorinostat,OVCAR3,3.1988276731025875
Lapatinib,Erlotinib,NCI-H460,-1.6552655274048038
vinblastine,Erlotinib,SK-OV-3,8.077984978184695
Vorinostat,Sunitinib,OVCAR3,-13.790764753514
paclitaxel,Dasatinib,OVCAR3,2.13745295521649
paclitaxel,Sunitinib,A2780,3.0897024917955025
vinblastine,Dasatinib,NCIH23,-0.3530077955256401
Sunitinib,Sorafenib,OV90,-7.639409008216227
Sunitinib,geldanamycin,RKO,2.765011277030255
Erlotinib,Sorafenib,SK-OV-3,3.557691046156
vinblastine,Erlotinib,NCIH1650,4.00031385473591
metformin,Sorafenib,VCAP,-55.7541546140486
Sunitinib,Erlotinib,LOVO,9.550892694239591
vinblastine,geldanamycin,SK-OV-3,1.775572054007981
vinblastine,Vorinostat,SW837,-2.248378586620203
metformin,Sunitinib,UACC62,-56.2560888739038
paclitaxel,Sunitinib,HT144,-2.5590885431480426
metformin,Sunitinib,A2780,-40.5029244010595
paclitaxel,Lapatinib,NCI-H460,-30.8171784242839
Erlotinib,Sorafenib,UACC62,2.679404112105611
Lapatinib,Sorafenib,RKO,2.76740193393285
paclitaxel,geldanamycin,OVCAR3,-11.341527235964405
metformin,Sorafenib,NCIH1650,-3.448025235667948
geldanamycin,Sorafenib,RKO,-0.0780407432645869
Sunitinib,Lapatinib,RPMI7951,11.616605850275496
Sunitinib,geldanamycin,HCT116,9.179556151687803
Erlotinib,Sorafenib,VCAP,7.190050317883171
vinblastine,geldanamycin,T-47D,-39.4932668903457
paclitaxel,Lapatinib,RKO,-2.306526469902426
Dasatinib,geldanamycin,MDAMB436,0.5403453062071405
metformin,Vorinostat,HT144,-23.6042929930625
vinblastine,Sorafenib,T-47D,-4.172986764275874
Erlotinib,Dasatinib,A375,0.5394390329931549
Vorinostat,Erlotinib,NCIH2122,5.84905996845087
Dasatinib,geldanamycin,SKMEL30,-22.9515728231767
paclitaxel,Erlotinib,SW-620,-3.134999611446543
Erlotinib,Sorafenib,OVCAR3,-6.066411004621831
Dasatinib,geldanamycin,OV90,2.24572304437811
vinblastine,Sunitinib,T-47D,-70.8116033690518
paclitaxel,Vorinostat,NCIH1650,0.3224388648416145
Dasatinib,Sorafenib,SK-OV-3,4.755697845162629
vinblastine,Vorinostat,HT144,1.7336328627834918
Sunitinib,geldanamycin,MDAMB436,3.939818822274421
Sunitinib,Erlotinib,NCIH23,6.09033976794457
vinblastine,Erlotinib,A2058,6.4251548431743295
Dasatinib,geldanamycin,UACC62,-6.47138721063866
geldanamycin,Sorafenib,NCI-H460,-0.0379657812584102
Lapatinib,geldanamycin,MDAMB436,4.4105627388370605
Dasatinib,Sorafenib,UACC62,2.3065604778561424
Lapatinib,Erlotinib,OV90,7.588764503474316
paclitaxel,Sunitinib,T-47D,-24.3954295810688
vinblastine,Erlotinib,HT144,7.380729755239978
paclitaxel,Vorinostat,SK-OV-3,5.978124919049687
Sunitinib,geldanamycin,SKMEL30,0.7860328468455551
metformin,Sunitinib,SKMES1,-44.1817825469333
paclitaxel,Erlotinib,OVCAR3,3.58036180553514
Sunitinib,Sorafenib,HT144,3.33951124606136
paclitaxel,Sorafenib,LOVO,-6.79658968512302
paclitaxel,geldanamycin,HT144,3.7347243087796
Sunitinib,Erlotinib,MDAMB436,4.76541245752904
vinblastine,Erlotinib,OV90,8.922207576391518
geldanamycin,Sorafenib,MDAMB436,-11.864177458483407
Sunitinib,Lapatinib,MDAMB436,1.166748445159433
vinblastine,Lapatinib,HCT116,-25.781275563237
Dasatinib,Sorafenib,RKO,4.179707781567577
Vorinostat,Sorafenib,HCT116,-1.073248118887358
paclitaxel,Erlotinib,A2780,1.7249239205326918
paclitaxel,geldanamycin,NCIH2122,-81.52648016021857
Sunitinib,Dasatinib,VCAP,13.015759276594096
paclitaxel,Lapatinib,LOVO,5.35198813185094
paclitaxel,Sorafenib,OVCAR3,-12.53254789251529
paclitaxel,Erlotinib,HT144,5.45103123545738
Lapatinib,Erlotinib,A2058,4.128157012788561
Erlotinib,geldanamycin,SW-620,-3.8590388668775
paclitaxel,Sunitinib,SK-OV-3,7.36579899286375
metformin,Lapatinib,A2058,-11.03094492075089
Sunitinib,geldanamycin,UACC62,8.017093587799739
metformin,Sunitinib,T-47D,15.384553292915324
Vorinostat,Lapatinib,OV90,2.79124989437018
vinblastine,Dasatinib,MDAMB436,2.81101468536903
Lapatinib,Erlotinib,OVCAR3,-1.7237618714553775
vinblastine,geldanamycin,RKO,-2.202886656443709
Sunitinib,Dasatinib,SKMES1,2.369358494612781
Vorinostat,geldanamycin,NCI-H460,-11.30813578108209
Sunitinib,geldanamycin,SKMES1,4.484288991501213
metformin,Erlotinib,LOVO,-35.8165916579592
Vorinostat,Erlotinib,SW-620,-5.19085420781142
Vorinostat,Sorafenib,A375,2.86709961553106
Sunitinib,Erlotinib,RPMI7951,-4.349210006555943
Lapatinib,Sorafenib,A375,5.029017096161708
Dasatinib,Sorafenib,NCIH23,8.243548509216069
paclitaxel,Sorafenib,NCIH23,-2.6184282494780104
Vorinostat,Sunitinib,NCIH1650,-5.527709296795018
metformin,Sorafenib,MDAMB436,-52.7336020518746
paclitaxel,Sorafenib,A375,6.07843040491799
Vorinostat,Sorafenib,SW-620,-4.396710286499547
Sunitinib,Erlotinib,A375,6.6154810826822
metformin,Dasatinib,A2780,9.772192422094813
Erlotinib,Sorafenib,RKO,2.099307195887115
vinblastine,Sunitinib,OVCAR3,-12.414939844598162
paclitaxel,Dasatinib,OV90,8.24149319055937
paclitaxel,Sorafenib,CAOV3,-1.5178355576616795
paclitaxel,Lapatinib,SKMES1,9.144089281431205
vinblastine,geldanamycin,A2780,1.418014053180695
metformin,geldanamycin,VCAP,-60.92137282626391
Sunitinib,geldanamycin,NCI-H460,5.61896917638109
vinblastine,Vorinostat,HCT116,-4.96580172718434
Vorinostat,Lapatinib,SW-620,-24.4432878855492
vinblastine,Sunitinib,LOVO,1.675381804264854
Dasatinib,geldanamycin,RKO,-2.8447496930443927
Sunitinib,Sorafenib,A2780,-1.059512617215007
Lapatinib,Sorafenib,NCI-H460,1.41805545618482
vinblastine,Lapatinib,RKO,-7.06329362397977
Lapatinib,Sorafenib,A2058,9.400493271217616
paclitaxel,Sorafenib,NCI-H460,3.1327986373042376
Lapatinib,Dasatinib,SK-OV-3,4.097668935846943
Vorinostat,geldanamycin,HCT116,-4.01456885639382
Dasatinib,Sorafenib,RPMI7951,-2.260381023139061
metformin,Lapatinib,LOVO,-8.237627320974727
Sunitinib,Dasatinib,OVCAR3,-2.23616712442702
metformin,geldanamycin,UACC62,-26.79502671025515
metformin,geldanamycin,RPMI7951,-10.594900847222812
Lapatinib,Dasatinib,VCAP,4.509456424718162
metformin,Lapatinib,SW837,-22.9219832537164
metformin,Dasatinib,A2058,-6.2026319104393295
vinblastine,Vorinostat,NCIH1650,-4.662511414401839
Erlotinib,Dasatinib,NCI-H460,-0.4503474699443348
metformin,Sunitinib,NCIH23,-21.5531296050118
vinblastine,Dasatinib,HT144,-39.7169735486916
vinblastine,geldanamycin,HCT116,-6.13466459150186
Lapatinib,Sorafenib,HT144,6.093529951556334
metformin,Vorinostat,NCIH2122,-33.3004252633332
Sunitinib,Sorafenib,SK-OV-3,-7.789052707582185
metformin,geldanamycin,RKO,-61.6890402284636
Vorinostat,geldanamycin,A375,-10.613183176373598
metformin,geldanamycin,NCIH23,-12.6203596574975
paclitaxel,Lapatinib,A2058,-15.2234416939723
paclitaxel,geldanamycin,MDAMB436,3.42848617073407
metformin,Erlotinib,CAOV3,-50.4820483838523
metformin,Sunitinib,SW837,-71.7765711158932
vinblastine,Sorafenib,A2780,4.338369925074482
metformin,Sorafenib,LOVO,-34.0729170807354
vinblastine,Vorinostat,CAOV3,-10.285920522724917
paclitaxel,Sorafenib,SK-OV-3,2.71808902854303
vinblastine,Vorinostat,RPMI7951,2.26767773086615
vinblastine,Sunitinib,A375,0.3189015990893598
metformin,geldanamycin,SW-620,-39.873530292237
vinblastine,Vorinostat,SK-OV-3,5.053393098685065
Erlotinib,Dasatinib,HCT116,-5.77665564868809
metformin,geldanamycin,HT144,-22.4462583852743
metformin,Sorafenib,RPMI7951,-10.162041561092582
vinblastine,Lapatinib,SW837,8.70853787657841
paclitaxel,Sunitinib,NCIH1650,-3.73521146317182
metformin,Sorafenib,T-47D,-1.3326443092463092
vinblastine,Vorinostat,NCIH23,-5.830142578087577
Erlotinib,Sorafenib,NCIH2122,-7.815562497274902
vinblastine,geldanamycin,VCAP,-20.7558388881914
Erlotinib,geldanamycin,OVCAR3,-1.03656181464744
vinblastine,Sorafenib,OVCAR3,-3.930469946192945
Lapatinib,geldanamycin,NCI-H460,5.391699208755202
Sunitinib,Erlotinib,NCI-H460,7.2595381633228
Erlotinib,Dasatinib,A2780,9.30630078585379
Vorinostat,geldanamycin,HT144,-3.77133000272187
metformin,Vorinostat,SKMES1,-42.936846127142296
Dasatinib,geldanamycin,OVCAR3,0.5211206139658471
Dasatinib,Sorafenib,OVCAR3,0.7345204104922589
Dasatinib,geldanamycin,SKMES1,6.86106163750481
metformin,Sorafenib,NCI-H460,-21.61387508166409
metformin,Vorinostat,UACC62,-24.577379709126298
Erlotinib,Sorafenib,SW-620,3.986867952152618
metformin,Vorinostat,A2780,-63.2346715672369
paclitaxel,Erlotinib,UACC62,4.55602013063716
Vorinostat,Dasatinib,HCT116,-20.3623076046531
Dasatinib,Sorafenib,OV90,8.678125432705007
Vorinostat,Dasatinib,SK-OV-3,-2.1147225087047508
Sunitinib,Erlotinib,T-47D,-1.14890133483728
Erlotinib,Sorafenib,A375,3.7921116228684086
vinblastine,geldanamycin,SKMES1,-1.3811964732242277
paclitaxel,Dasatinib,NCIH23,0.1752112379752922
Erlotinib,geldanamycin,A2780,3.3452637215970498
Vorinostat,Erlotinib,SKMES1,6.63109301847755
metformin,Vorinostat,A2058,-8.72128086410909
paclitaxel,geldanamycin,UACC62,-0.1160299782726794
paclitaxel,Dasatinib,A2780,0.1119561526876595
paclitaxel,Erlotinib,A375,11.877856996640997
Lapatinib,Sorafenib,NCIH2122,-3.2142130797467816
Vorinostat,Sorafenib,A2058,-3.9552380984537248
paclitaxel,Vorinostat,HCT116,-1.593720937577549
Vorinostat,Erlotinib,OV90,3.3899996482015826
vinblastine,Erlotinib,NCIH2122,7.66334596528203
Sunitinib,geldanamycin,VCAP,2.60625970962018
vinblastine,Sorafenib,SW-620,5.006519903780723
vinblastine,Dasatinib,SKMEL30,-58.5527340809363
Erlotinib,geldanamycin,MDAMB436,3.776985072333982
Lapatinib,Sorafenib,HCT116,2.4866177573815964
paclitaxel,Sunitinib,MDAMB436,-0.6920482116816997
Dasatinib,Sorafenib,LOVO,2.1747311895065486
metformin,Dasatinib,HCT116,-13.14009076535719
Dasatinib,Sorafenib,NCI-H460,2.745769909533195
Erlotinib,Sorafenib,RPMI7951,-10.626155896203898
Sunitinib,geldanamycin,SW837,0.0548896546292299
metformin,Lapatinib,UACC62,-69.1366966634013
Sunitinib,Lapatinib,SW837,14.8508222506114
metformin,geldanamycin,A2058,-28.3488859938485
geldanamycin,Sorafenib,NCIH2122,0.6884341878779402
Lapatinib,Dasatinib,SKMES1,12.566471603210276
vinblastine,Erlotinib,SW-620,-5.472376660417956
vinblastine,Lapatinib,NCIH2122,-2.1691769605730515
Dasatinib,geldanamycin,RPMI7951,-0.3887710448227697
Sunitinib,Lapatinib,OVCAR3,9.1356503291117
vinblastine,Erlotinib,OVCAR3,4.93167956005568
paclitaxel,geldanamycin,NCIH1650,2.713132201978397
vinblastine,Erlotinib,HCT116,9.090654061652296
Lapatinib,Erlotinib,SW837,1.741670982094262
Vorinostat,Lapatinib,NCIH23,-5.89266438028177
Vorinostat,Erlotinib,HCT116,-1.130678948105339
metformin,Sorafenib,A2058,-46.587141393021525
Sunitinib,Lapatinib,T-47D,4.366245372711767
paclitaxel,geldanamycin,SKMES1,2.858782897786812
Vorinostat,Sunitinib,LOVO,2.53362859007723
paclitaxel,Vorinostat,SKMES1,-1.7943154401891548
Dasatinib,geldanamycin,NCIH23,-0.6435038581465955
vinblastine,Sorafenib,SKMEL30,5.99108205682079
vinblastine,Sunitinib,NCI-H460,2.44728958086436
Vorinostat,Sunitinib,CAOV3,1.5718362711845366
metformin,Sunitinib,A375,-55.54568697318505
Lapatinib,Erlotinib,A375,-9.231606713935047
metformin,geldanamycin,T-47D,3.547124544521316
vinblastine,Lapatinib,SW-620,-73.5286754265322
Vorinostat,Dasatinib,RPMI7951,0.2047767843086013
Vorinostat,Lapatinib,NCI-H460,-10.398648228661925
metformin,Erlotinib,NCIH2122,-46.9980356488569
metformin,Vorinostat,HCT116,-62.9031214125763
geldanamycin,Sorafenib,VCAP,-10.35739215730591
Sunitinib,Erlotinib,SKMEL30,1.83593808226401
Erlotinib,Dasatinib,LOVO,7.827394642815597
vinblastine,geldanamycin,LOVO,-9.742168339465294
vinblastine,Sorafenib,NCIH23,-0.29408409265346
paclitaxel,Dasatinib,SW-620,-5.653435188749545
metformin,Sunitinib,HT144,-14.57002364123529
Sunitinib,Sorafenib,RPMI7951,-18.1797235112709
paclitaxel,Sorafenib,MDAMB436,-5.45440876641342
Lapatinib,Dasatinib,NCIH1650,8.596988309863011
Vorinostat,Lapatinib,T-47D,-5.493763326806099
Lapatinib,Sorafenib,MDAMB436,-8.393586343504198
Sunitinib,Dasatinib,HT144,-3.963646539183849
Vorinostat,Erlotinib,A2780,9.625121597198186
paclitaxel,Sorafenib,RPMI7951,-6.18357684414468
Erlotinib,Sorafenib,HCT116,-3.41466344580097
Vorinostat,Sunitinib,RKO,-4.03025121975644
vinblastine,Sunitinib,SW837,-2.66483863280114
geldanamycin,Sorafenib,A2780,-0.190891674386513
Sunitinib,Lapatinib,SK-OV-3,16.1850033157246
Vorinostat,Sorafenib,SW837,-7.910003358009165
Vorinostat,Sunitinib,UACC62,-2.07861348348741
Sunitinib,Erlotinib,SKMES1,12.331931266595111
paclitaxel,Erlotinib,RPMI7951,0.8825935384285006
paclitaxel,geldanamycin,NCIH23,-2.1789667599796294
vinblastine,Sorafenib,SW837,3.0307168501552093
Sunitinib,Lapatinib,CAOV3,14.8229623836697
Sunitinib,geldanamycin,A2058,6.795393661635613
vinblastine,Erlotinib,LOVO,5.16750826555368
metformin,Dasatinib,A375,-57.144820014625296
Vorinostat,Lapatinib,UACC62,6.167862854629888
paclitaxel,geldanamycin,NCI-H460,-2.698758931910008
Vorinostat,Sunitinib,A2058,1.289294757415069
Erlotinib,Dasatinib,OVCAR3,13.9692836454661
metformin,geldanamycin,NCIH1650,-38.6438610292767
vinblastine,Sunitinib,SKMEL30,-3.119647295186995
Vorinostat,geldanamycin,UACC62,-6.745372906074374
paclitaxel,Erlotinib,NCIH23,-2.7468186065138984
paclitaxel,Lapatinib,OVCAR3,1.6198341998494314
vinblastine,Dasatinib,VCAP,1.6646916021852596
vinblastine,Lapatinib,MDAMB436,-7.87226820943855
geldanamycin,Sorafenib,A2058,8.652061852316729
Vorinostat,Lapatinib,RKO,2.4933992323843923
vinblastine,Vorinostat,NCIH2122,2.35160533891099
Erlotinib,Dasatinib,RKO,1.30779520720034
paclitaxel,Lapatinib,A375,-11.9965988914421
paclitaxel,Lapatinib,HCT116,4.780848076735348
Erlotinib,Dasatinib,NCIH1650,11.2728180991378
paclitaxel,Vorinostat,UACC62,0.7651079053562314
Sunitinib,Sorafenib,OVCAR3,-10.6557437737239
paclitaxel,Vorinostat,VCAP,3.27100049685324
Vorinostat,Sunitinib,VCAP,-5.2815921348029296
metformin,geldanamycin,SK-OV-3,-27.5445722402187
Sunitinib,geldanamycin,NCIH23,-2.683955047842884
metformin,Sunitinib,SW-620,-43.929359067237
paclitaxel,Erlotinib,HCT116,-4.639593570653838
Sunitinib,Dasatinib,OV90,-14.7229944429405
paclitaxel,Sorafenib,NCIH1650,-5.00028834575103
Vorinostat,Dasatinib,RKO,-1.2236747050651609
paclitaxel,geldanamycin,T-47D,-17.6830733389949
metformin,Dasatinib,CAOV3,-9.979741434164584
vinblastine,geldanamycin,SW837,-0.2823200449385875
Vorinostat,Dasatinib,NCIH2122,-36.50577458359941
metformin,Vorinostat,OV90,-4.853312003098937
metformin,Sorafenib,SK-OV-3,-27.4476544011683
metformin,Sorafenib,HCT116,-49.5120706514507
vinblastine,Sorafenib,VCAP,1.2287673509824204
Erlotinib,Dasatinib,CAOV3,9.503977484174175
vinblastine,geldanamycin,SW-620,-5.5186956836840375
Sunitinib,geldanamycin,OVCAR3,-2.99361591491145
paclitaxel,Lapatinib,CAOV3,7.99575647038201
Dasatinib,Sorafenib,A2780,11.7225687296843
vinblastine,Erlotinib,RKO,6.987950206462267
metformin,Sunitinib,OV90,5.5273920092716775
vinblastine,geldanamycin,NCIH2122,-7.19378137939456
Sunitinib,Erlotinib,SW837,6.001532732018722
Lapatinib,Sorafenib,VCAP,7.92708077877978
Sunitinib,Sorafenib,A375,4.316615136301563
paclitaxel,Erlotinib,OV90,0.1590569364430157
Vorinostat,Erlotinib,A375,2.8348518495029404
metformin,Vorinostat,SKMEL30,-46.6686841099013
geldanamycin,Sorafenib,SW-620,-0.8984319813221007
Lapatinib,geldanamycin,NCIH2122,4.30511943579503
Vorinostat,Sorafenib,UACC62,-3.36735139960915
paclitaxel,Dasatinib,SKMES1,6.58117049992555
paclitaxel,Sunitinib,SW-620,6.753311816554961
vinblastine,Sunitinib,VCAP,-1.1091988250418725
Erlotinib,geldanamycin,HT144,5.26551760771767
metformin,Dasatinib,SKMES1,-37.3999740396079
metformin,Dasatinib,NCIH2122,-34.48768519828235
metformin,Sorafenib,HT144,-46.862925671502296
paclitaxel,geldanamycin,A2780,-1.19024715514191
Vorinostat,Sorafenib,NCIH1650,-1.4920816076829602
Vorinostat,Sunitinib,SK-OV-3,-5.775806690181939
Sunitinib,Lapatinib,SW-620,-14.2382866820043
Lapatinib,geldanamycin,VCAP,1.3131129859732091
Vorinostat,Erlotinib,CAOV3,13.1991243046288
Lapatinib,geldanamycin,SKMEL30,3.6035536346157695
Lapatinib,Erlotinib,SK-OV-3,4.97603191479674
paclitaxel,Sunitinib,CAOV3,2.9737175212081803
metformin,Erlotinib,SW837,-35.1782981083837
metformin,Dasatinib,HT144,-10.480511156242285
Vorinostat,Lapatinib,RPMI7951,-0.3170472839931941
Erlotinib,Dasatinib,MDAMB436,3.59745169898486
Lapatinib,Erlotinib,HCT116,-5.139364658294922
vinblastine,Dasatinib,NCI-H460,-29.2662792150344
Sunitinib,Erlotinib,UACC62,11.555346181601609
vinblastine,Dasatinib,LOVO,3.7092867134231
paclitaxel,geldanamycin,CAOV3,-0.7280966227290082
Sunitinib,geldanamycin,HT144,0.9480162028997956
metformin,geldanamycin,CAOV3,-9.619042312244815
Dasatinib,geldanamycin,A2780,-3.15562863494722
vinblastine,Erlotinib,UACC62,7.285509446842615
Vorinostat,Erlotinib,HT144,2.71319811317338
Lapatinib,Erlotinib,VCAP,1.026942322157092
vinblastine,geldanamycin,NCIH23,-4.65691689928222
vinblastine,Dasatinib,A2058,-8.677497573270493
Erlotinib,Sorafenib,NCIH1650,14.3436638764016
vinblastine,geldanamycin,OVCAR3,-11.8973420493851
vinblastine,Sunitinib,SKMES1,-6.61979034735207
Sunitinib,Dasatinib,SW-620,8.86280218600469
vinblastine,geldanamycin,NCIH1650,-3.43040335892423
Vorinostat,Sorafenib,VCAP,0.4443344011282492
paclitaxel,Vorinostat,RPMI7951,2.6678241356197647
vinblastine,Lapatinib,VCAP,2.334382802629
vinblastine,Vorinostat,SKMEL30,-13.8157551615103
paclitaxel,Sorafenib,SW-620,1.9007667723773176
Lapatinib,Dasatinib,NCIH2122,-17.190033530139498
paclitaxel,Sorafenib,T-47D,3.88810032819938
Sunitinib,Sorafenib,HCT116,1.2705701336207027
Lapatinib,Dasatinib,NCIH23,3.887422638441485
paclitaxel,Erlotinib,NCI-H460,10.349523074958825
Dasatinib,geldanamycin,NCIH1650,9.62907409316032
paclitaxel,Lapatinib,OV90,0.7709161631446207
paclitaxel,geldanamycin,SK-OV-3,2.3166834950764685
Sunitinib,Sorafenib,SKMEL30,2.76912169862866
metformin,Sorafenib,A375,-46.2372447228831
paclitaxel,Dasatinib,HCT116,-37.0930621901092
vinblastine,Vorinostat,UACC62,0.996650643215182
metformin,Dasatinib,RPMI7951,-12.898019313824
Vorinostat,Sorafenib,OV90,-0.71117494174041
Dasatinib,Sorafenib,SW837,-0.5663484394051013
paclitaxel,Dasatinib,A2058,-12.4595255596924
Erlotinib,Sorafenib,HT144,-0.6089836493556324
Vorinostat,Sorafenib,CAOV3,6.92534745147092
Erlotinib,geldanamycin,CAOV3,3.320229681965675
Vorinostat,geldanamycin,NCIH23,-10.274169876330886
metformin,geldanamycin,A375,-49.062306315025
metformin,Erlotinib,UACC62,-30.7261055182573
Lapatinib,Dasatinib,A2780,22.7414116448382
Sunitinib,Erlotinib,OVCAR3,-0.9529303605806088
Vorinostat,Lapatinib,A375,-10.739322929783883
metformin,Sorafenib,SKMEL30,-20.9507978903398
metformin,geldanamycin,OVCAR3,-24.96156751119129
Lapatinib,Dasatinib,A2058,14.9823899147147
vinblastine,geldanamycin,UACC62,-14.564555056626377
vinblastine,Sorafenib,CAOV3,1.907333647224608
Lapatinib,geldanamycin,A2058,-1.178255647098801
metformin,Dasatinib,MDAMB436,1.9806048133258944
Lapatinib,Dasatinib,LOVO,8.833837192566008
metformin,Vorinostat,NCIH1650,-18.5255095356289
vinblastine,geldanamycin,A375,3.010752586641185
Vorinostat,Sunitinib,NCI-H460,3.67041582610247
metformin,Sunitinib,LOVO,-33.7845903951132
Lapatinib,Dasatinib,HCT116,-13.812973987503693
paclitaxel,Vorinostat,CAOV3,-13.861300672159
metformin,Sorafenib,UACC62,-26.24662901330595
Vorinostat,Sunitinib,A2780,-1.61504571199055
paclitaxel,Dasatinib,SK-OV-3,8.754663680824095
vinblastine,Sunitinib,CAOV3,3.22816419080692
vinblastine,Sunitinib,NCIH1650,-2.0585753436264698
metformin,Lapatinib,T-47D,-9.59094984812801
Erlotinib,geldanamycin,SKMES1,6.02246857213521
metformin,Dasatinib,OVCAR3,-4.11149235653684
Vorinostat,Dasatinib,NCI-H460,-4.361976736345532
vinblastine,Sorafenib,RPMI7951,-2.4097304318056905
Lapatinib,geldanamycin,OVCAR3,4.967381413305823
Dasatinib,Sorafenib,NCIH2122,-11.9154244975033
vinblastine,Dasatinib,A2780,-11.183106529127476
Vorinostat,Sunitinib,A375,-2.3538192484503564
Lapatinib,Sorafenib,RPMI7951,-2.204579993178592
vinblastine,Dasatinib,NCIH2122,-91.8886792382854
geldanamycin,Sorafenib,UACC62,3.2582764286422226
vinblastine,Sorafenib,HT144,9.859104788483815
Lapatinib,Erlotinib,HT144,-2.6304973605131474
vinblastine,Sorafenib,A375,8.398744223780918
Sunitinib,geldanamycin,SW-620,1.4955767028094
Dasatinib,Sorafenib,VCAP,6.720388221210122
Erlotinib,Dasatinib,NCIH23,6.99756701325662
Dasatinib,Sorafenib,A2058,12.966325580978296
paclitaxel,Sunitinib,RPMI7951,-22.8644313188967
Sunitinib,Sorafenib,NCIH2122,-14.4731176558811
vinblastine,Vorinostat,RKO,-0.0918051514147744
Vorinostat,geldanamycin,OV90,0.9434331950199416
Erlotinib,Dasatinib,UACC62,7.877641553655238
Vorinostat,Sunitinib,OV90,-27.1636490162131
vinblastine,Dasatinib,NCIH1650,3.42669038506664
Sunitinib,Erlotinib,HCT116,0.31232235517322
geldanamycin,Sorafenib,OV90,1.1848602197973823
vinblastine,Dasatinib,SKMES1,-5.822632503482525
metformin,Lapatinib,OV90,-2.989164004622407
Vorinostat,Dasatinib,VCAP,1.69213972357191
paclitaxel,Sorafenib,UACC62,-0.89184437235696
Lapatinib,geldanamycin,RKO,2.446050707651698
vinblastine,Erlotinib,MDAMB436,5.07108724357905
Dasatinib,Sorafenib,NCIH1650,5.42147270471237
geldanamycin,Sorafenib,HCT116,-2.20364176327536
Erlotinib,geldanamycin,NCIH2122,3.08443697315444
vinblastine,Sunitinib,NCIH23,-5.97248436581227
Dasatinib,geldanamycin,T-47D,-1.0190872666435924
Vorinostat,Dasatinib,SKMEL30,-14.885807229381896
metformin,Dasatinib,VCAP,0.046018285265003
vinblastine,Erlotinib,A2780,6.00089213826483
vinblastine,Dasatinib,UACC62,-1.4680391508473674
metformin,Vorinostat,SK-OV-3,-49.8653288018085
paclitaxel,Sorafenib,NCIH2122,-7.283890318199592
paclitaxel,Dasatinib,SW837,3.6053774296538297
paclitaxel,Dasatinib,A375,6.364261125349779
metformin,Sorafenib,SW-620,-51.4043293278057
metformin,Sunitinib,SK-OV-3,-64.65676531723692
Lapatinib,geldanamycin,SW-620,-26.1965705632023
vinblastine,Sunitinib,A2058,2.63157412115867
vinblastine,Erlotinib,VCAP,16.694612728237402
paclitaxel,Sunitinib,NCIH2122,-17.0314498829154
metformin,Sunitinib,RKO,-58.40351531723695
Vorinostat,Sunitinib,RPMI7951,-15.3173389528898
metformin,Vorinostat,NCIH23,-6.613686761665703
metformin,Sorafenib,SW837,-39.0646563811545
paclitaxel,Lapatinib,T-47D,0.809697096857583
vinblastine,Sorafenib,OV90,0.4685622181175212
Vorinostat,geldanamycin,SKMEL30,-6.376202369524528
Vorinostat,Sunitinib,T-47D,-14.434457477598505
metformin,Sorafenib,NCIH23,-26.0047332498617
metformin,Dasatinib,SW837,-17.5801214502402
Dasatinib,Sorafenib,MDAMB436,-2.60072537807549
Sunitinib,geldanamycin,CAOV3,7.184930267876617
paclitaxel,Sunitinib,SKMES1,0.555665600488549
Sunitinib,Erlotinib,A2058,8.747205755218493
paclitaxel,Lapatinib,NCIH2122,-2.289513933263135
Lapatinib,Dasatinib,UACC62,3.8009101564042025
metformin,Lapatinib,A375,-1.67197513843126
metformin,Vorinostat,CAOV3,-15.746453943284
